Test,Iteration,Status,Instr_Passed,Instr_Failed,Total_Instr,Log File
riscv_arithmetic_basic_test,0,PASSED,5263,0,5263,diff_0.log
riscv_arithmetic_basic_test,1,PASSED,5288,0,5288,diff_1.log
riscv_arithmetic_basic_test,10,PASSED,5326,0,5326,diff_10.log
riscv_arithmetic_basic_test,11,PASSED,5264,0,5264,diff_11.log
riscv_arithmetic_basic_test,12,PASSED,5329,0,5329,diff_12.log
riscv_arithmetic_basic_test,13,PASSED,5314,0,5314,diff_13.log
riscv_arithmetic_basic_test,14,PASSED,5273,0,5273,diff_14.log
riscv_arithmetic_basic_test,15,PASSED,5286,0,5286,diff_15.log
riscv_arithmetic_basic_test,16,PASSED,5267,0,5267,diff_16.log
riscv_arithmetic_basic_test,17,PASSED,5274,0,5274,diff_17.log
riscv_arithmetic_basic_test,18,PASSED,5288,0,5288,diff_18.log
riscv_arithmetic_basic_test,19,PASSED,5296,0,5296,diff_19.log
riscv_arithmetic_basic_test,2,PASSED,5354,0,5354,diff_2.log
riscv_arithmetic_basic_test,20,PASSED,5299,0,5299,diff_20.log
riscv_arithmetic_basic_test,21,PASSED,5305,0,5305,diff_21.log
riscv_arithmetic_basic_test,22,PASSED,5293,0,5293,diff_22.log
riscv_arithmetic_basic_test,23,PASSED,5236,0,5236,diff_23.log
riscv_arithmetic_basic_test,24,PASSED,5296,0,5296,diff_24.log
riscv_arithmetic_basic_test,25,PASSED,5329,0,5329,diff_25.log
riscv_arithmetic_basic_test,26,PASSED,5373,0,5373,diff_26.log
riscv_arithmetic_basic_test,27,PASSED,5305,0,5305,diff_27.log
riscv_arithmetic_basic_test,28,PASSED,5319,0,5319,diff_28.log
riscv_arithmetic_basic_test,29,PASSED,5229,0,5229,diff_29.log
riscv_arithmetic_basic_test,3,PASSED,5328,0,5328,diff_3.log
riscv_arithmetic_basic_test,30,PASSED,5297,0,5297,diff_30.log
riscv_arithmetic_basic_test,31,PASSED,5268,0,5268,diff_31.log
riscv_arithmetic_basic_test,32,PASSED,5309,0,5309,diff_32.log
riscv_arithmetic_basic_test,33,PASSED,5320,0,5320,diff_33.log
riscv_arithmetic_basic_test,34,PASSED,5297,0,5297,diff_34.log
riscv_arithmetic_basic_test,35,PASSED,5268,0,5268,diff_35.log
riscv_arithmetic_basic_test,36,PASSED,5291,0,5291,diff_36.log
riscv_arithmetic_basic_test,37,PASSED,5298,0,5298,diff_37.log
riscv_arithmetic_basic_test,38,PASSED,5310,0,5310,diff_38.log
riscv_arithmetic_basic_test,39,PASSED,5326,0,5326,diff_39.log
riscv_arithmetic_basic_test,4,PASSED,5295,0,5295,diff_4.log
riscv_arithmetic_basic_test,40,PASSED,5272,0,5272,diff_40.log
riscv_arithmetic_basic_test,41,PASSED,5358,0,5358,diff_41.log
riscv_arithmetic_basic_test,42,PASSED,5289,0,5289,diff_42.log
riscv_arithmetic_basic_test,43,PASSED,5271,0,5271,diff_43.log
riscv_arithmetic_basic_test,44,PASSED,5288,0,5288,diff_44.log
riscv_arithmetic_basic_test,45,PASSED,5282,0,5282,diff_45.log
riscv_arithmetic_basic_test,46,PASSED,5285,0,5285,diff_46.log
riscv_arithmetic_basic_test,47,PASSED,5297,0,5297,diff_47.log
riscv_arithmetic_basic_test,48,PASSED,5302,0,5302,diff_48.log
riscv_arithmetic_basic_test,49,PASSED,5300,0,5300,diff_49.log
riscv_arithmetic_basic_test,5,PASSED,5291,0,5291,diff_5.log
riscv_arithmetic_basic_test,50,PASSED,5269,0,5269,diff_50.log
riscv_arithmetic_basic_test,51,PASSED,5294,0,5294,diff_51.log
riscv_arithmetic_basic_test,52,PASSED,5361,0,5361,diff_52.log
riscv_arithmetic_basic_test,53,PASSED,5268,0,5268,diff_53.log
riscv_arithmetic_basic_test,54,PASSED,5332,0,5332,diff_54.log
riscv_arithmetic_basic_test,55,PASSED,5320,0,5320,diff_55.log
riscv_arithmetic_basic_test,56,PASSED,5315,0,5315,diff_56.log
riscv_arithmetic_basic_test,57,PASSED,5299,0,5299,diff_57.log
riscv_arithmetic_basic_test,58,PASSED,5285,0,5285,diff_58.log
riscv_arithmetic_basic_test,59,PASSED,5315,0,5315,diff_59.log
riscv_arithmetic_basic_test,6,PASSED,5378,0,5378,diff_6.log
riscv_arithmetic_basic_test,60,PASSED,5351,0,5351,diff_60.log
riscv_arithmetic_basic_test,61,PASSED,5322,0,5322,diff_61.log
riscv_arithmetic_basic_test,62,PASSED,5258,0,5258,diff_62.log
riscv_arithmetic_basic_test,63,PASSED,5320,0,5320,diff_63.log
riscv_arithmetic_basic_test,64,PASSED,5293,0,5293,diff_64.log
riscv_arithmetic_basic_test,65,PASSED,5301,0,5301,diff_65.log
riscv_arithmetic_basic_test,66,PASSED,5287,0,5287,diff_66.log
riscv_arithmetic_basic_test,67,PASSED,5292,0,5292,diff_67.log
riscv_arithmetic_basic_test,68,PASSED,5359,0,5359,diff_68.log
riscv_arithmetic_basic_test,69,PASSED,5312,0,5312,diff_69.log
riscv_arithmetic_basic_test,7,PASSED,5290,0,5290,diff_7.log
riscv_arithmetic_basic_test,70,PASSED,5272,0,5272,diff_70.log
riscv_arithmetic_basic_test,71,PASSED,5263,0,5263,diff_71.log
riscv_arithmetic_basic_test,72,PASSED,5312,0,5312,diff_72.log
riscv_arithmetic_basic_test,73,PASSED,5266,0,5266,diff_73.log
riscv_arithmetic_basic_test,74,PASSED,5284,0,5284,diff_74.log
riscv_arithmetic_basic_test,75,PASSED,5266,0,5266,diff_75.log
riscv_arithmetic_basic_test,76,PASSED,5300,0,5300,diff_76.log
riscv_arithmetic_basic_test,77,PASSED,5236,0,5236,diff_77.log
riscv_arithmetic_basic_test,78,PASSED,5323,0,5323,diff_78.log
riscv_arithmetic_basic_test,79,PASSED,5338,0,5338,diff_79.log
riscv_arithmetic_basic_test,8,PASSED,5239,0,5239,diff_8.log
riscv_arithmetic_basic_test,80,PASSED,5262,0,5262,diff_80.log
riscv_arithmetic_basic_test,81,PASSED,5268,0,5268,diff_81.log
riscv_arithmetic_basic_test,82,PASSED,5258,0,5258,diff_82.log
riscv_arithmetic_basic_test,83,PASSED,5306,0,5306,diff_83.log
riscv_arithmetic_basic_test,84,PASSED,5347,0,5347,diff_84.log
riscv_arithmetic_basic_test,85,PASSED,5283,0,5283,diff_85.log
riscv_arithmetic_basic_test,86,PASSED,5314,0,5314,diff_86.log
riscv_arithmetic_basic_test,87,PASSED,5309,0,5309,diff_87.log
riscv_arithmetic_basic_test,88,PASSED,5294,0,5294,diff_88.log
riscv_arithmetic_basic_test,89,PASSED,5313,0,5313,diff_89.log
riscv_arithmetic_basic_test,9,PASSED,5358,0,5358,diff_9.log
riscv_arithmetic_basic_test,90,PASSED,5346,0,5346,diff_90.log
riscv_arithmetic_basic_test,91,PASSED,5269,0,5269,diff_91.log
riscv_arithmetic_basic_test,92,PASSED,5280,0,5280,diff_92.log
riscv_arithmetic_basic_test,93,PASSED,5258,0,5258,diff_93.log
riscv_arithmetic_basic_test,94,PASSED,5268,0,5268,diff_94.log
riscv_arithmetic_basic_test,95,PASSED,5298,0,5298,diff_95.log
riscv_arithmetic_basic_test,96,PASSED,5325,0,5325,diff_96.log
riscv_arithmetic_basic_test,97,PASSED,5324,0,5324,diff_97.log
riscv_arithmetic_basic_test,98,PASSED,5317,0,5317,diff_98.log
riscv_arithmetic_basic_test,99,PASSED,5270,0,5270,diff_99.log
